id,title,image,type,description,isSaved,isEssential,option1,option2,option3,option4,rightAnswer,isLearned
1,Phần của đường bộ được sử dụng cho các phương tiện giao thông qua lại là gì?,,KNQTGT,,,,Phần mặt đường và lề đường.,Phần đường xe chạy.,Phần đường xe cơ giới.,,2,
2,“Làn đường” là gì?,,KNQTGT,,,,"Là một phần của phần đường xe chạy được chia theo chiều dọc của đường, sử dụng cho xe chạy.","Là một phần của phần đường xe chạy được chia theo chiều dọc của đường, có bề rộng đủ cho xe chạy an toàn.","Là một phần của phần đường xe chạy được chia theo chiều dọc của đường, có đủ bề rộng cho xe ô tô chạy an toàn.",,2,
3,Khái niệm “Khổ giới hạn đường bộ” được hiểu như thế nào là đúng?,,KNQTGT,,,,"Là khoảng trống có kích thước giới hạn về chiều cao, chiều rộng của đường, cầu, bến phà, hầm đường bộ để các xe kể cả hàng hóa xếp trên xe đi qua được an toàn.","Là khoảng trống có kích thước giới hạn về chiều rộng của đường, cầu, bến phà, hầm trên đường bộ để các xe kể cả hàng hóa xếp trên xe đi qua được an toàn.","Là khoảng trống có kích thước giới hạn về chiều cao của cầu, bến phà, hầm trên đường bộ để các xe đi qua được an toàn.",,1,
4,"Trong các khái niệm dưới đây, “dải phân cách” được hiểu như thế nào là đúng?",,KNQTGT,,,,Là bộ phận của đường để ngăn cách không cho các loại xe vào những nơi không được phép.,Là bộ phận của đường để phân tách phần đường xe chạy và hành lang an toàn giao thông.,Là bộ phận của đường để phân chia mặt đường thành hai chiều xe chạy riêng biệt hoặc để phân chia phần đường của xe cơ giới và xe thô sơ.,,3,
5,“Dải phân cách” trên đường bộ gồm những loại nào?,,KNQTGT,,,,Dải phân cách gồm loại cố định và loại di động.,"Dải phân cách gồm tường chống ồn, hộ lan cứng và hộ lan mềm.",Dải phân cách gồm giá long môn và biển báo hiệu đường bộ.,,1,
6,Người lái xe được hiểu như thế nào trong các khái niệm dưới đây?,,KNQTGT,,,,Là người điều khiển xe cơ giới,Là người điều khiển xe thô sơ.,Là người điều khiển xe có súc vật kéo.,,1,
7,"Đường mà trên đó phương tiện tham gia giao thông được các phương tiện giao thông đến từ hướng khác nhường đường khi qua nơi đường giao nhau, được cắm biển báo hiệu đường ưu tiên là loại đường gì?",,KNQTGT,,,,Đường không ưu tiên.,Đường tỉnh lộ.,Đường quốc lộ.,Đường ưu tiên.,4,
8,Khái niệm “phương tiện giao thông cơ giới đường bộ” được hiểu thế nào là đúng?,,KNQTGT,,,,Gồm xe ô tô; máy kéo; xe mô tô hai bánh; xe mô tô ba bánh; xe gắn máy; xe cơ giới dùng cho người khuyết tật và xe máy chuyên dùng.,"Gồm xe ô tô; máy kéo; rơ moóc hoặc sơ mi rơ moóc được kéo bởi xe ô tô, máy kéo; xe mô tô hai bánh; xe mô tô ba bánh, xe gắn máy (kể cả xe máy điện) và các loại xe tương tự.",,,2,
9,Khái niệm “phương tiện giao thông thô sơ đường bộ” được hiểu thế nào là đúng?,,KNQTGT,,,,"Gồm xe đạp (kể cả xe đạp máy, xe đạp điện), xe xích lô, xe lăn dùng cho người khuyết tật, xe súc vật kéo và các loại xe tương tự.","Gồm xe đạp (kể cả xe đạp máy, xe đạp điện), xe gắn máy, xe cơ giới dùng cho người khuyết tật và xe máy chuyên dùng.","Gồm xe ô tô, máy kéo, rơ moóc hoặc sơ mi rơ moóc được kéo bởi xe ô tô, máy kéo.",,1,
10,“Phương tiện tham gia giao thông đường bộ” gồm những loại nào?,,KNQTGT,,,,Phương tiện giao thông cơ giới đường bộ.,Phương tiện giao thông thô sơ đường bộ và xe máy chuyên dùng.,Cả ý 1 và ý 2.,,3,
11,“Người tham gia giao thông đường bộ” gồm những đối tượng nào?,,KNQTGT,,,,"Người điều khiển, người sử dụng phương tiện tham gia giao thông đường bộ.","Người điều khiển, dẫn dắt súc vật; người đi bộ trên đường bộ.",Cả ý 1 và ý 2.,,3,
12,“Người điều khiển phương tiện tham gia giao thông đường bộ” gồm những đối tượng nào dưới đây?,,KNQTGT,,,,"Người điều khiển xe cơ giới, người điều khiển xe thô sơ.",Người điều khiển xe máy chuyên dùng tham gia giao thông đường bộ.,Cả ý 1 và ý 2,,3,
13,Khái niệm “người điều khiển giao thông” được hiểu như thế nào là đúng?,,KNQTGT,,,,"Là người điều khiển phương tiện tham gia giao thông tại nơi thi công, nơi ùn tắc giao thông, ở bến phà, tại cầu đường bộ đi chung với đường sắt.","Là cảnh sát giao thông, người được giao nhiệm vụ hướng dẫn giao thông tại nơi thi công, nơi ùn tắc giao thông, ở bến phà, tại cầu đường bộ đi chung với đường sắt.","Là người tham gia giao thông tại nơi thi công, nơi ùn tắc giao thông, ở bến phà, tại cầu đường bộ đi chung với đường sắt.",,2,
14,Trong các khái niệm dưới đây khái niệm “dừng xe” được hiểu như thế nào là đúng?,,KNQTGT,,,,"Là trạng thái đứng yên của phương tiện giao thông không giới hạn thời gian để cho người lên, xuống phương tiện, xếp dỡ hàng hóa hoặc thực hiện công việc khác.","Là trạng thái đứng yên tạm thời của phương tiện giao thông trong một khoảng thời gian cần thiết đủ để cho người lên, xuống phương tiện, xếp dỡ hàng hóa hoặc thực hiện công việc khác.",Là trạng thái đứng yên của phương tiện giao thông không giới hạn thời gian giữa 02 lần vận chuyển hàng hóa hoặc hành khách.,,2,
15,Khái niệm “đỗ xe” được hiểu như thế nào là đúng quy tắc giao thông?,,KNQTGT,,,,"Là trạng thái đứng yên của phương tiện giao thông có giới hạn trong một khoảng thời gian cần thiết đủ để cho người lên, xuống phương tiện đó, xếp dỡ hàng hóa hoặc thực hiện công việc khác.",Là trạng thái đứng yên của phương tiện giao thông không giới hạn thời gian.,,,2,
16,Khái niệm “đường cao tốc” được hiểu như thế nào là đúng?,,KNQTGT,,,,Đường dành riêng cho xe ôtô và một số loại xe chuyên dùng được phép đi vào theo quy định của Luật Giao thông đường bộ.,Có dải phân cách phân chia đường cho xe chạy hai chiều riêng biệt mà dải phân cách này xe không đi được lên trên; không giao nhau cùng mức với một hoặc một số đường khác.,"Được bố trí đầy đủ trang thiết bị phục vụ, bảo đảm giao thông liên tục, an toàn, rút ngắn thời gian hành trình và chỉ cho xe ra, vào ở những điểm nhất định.",Tất cả các ý trên.,4,
17,Hành vi nào dưới đây bị nghiêm cấm?,,KNQTGT,,,1,Đỗ xe trên đường phố,Sử dụng xe đạp đi trên các tuyến quốc lộ có tốc độ cao.,"Làm hỏng (cố ý) cọc tiêu, gương cầu, dải phân cách.",Sử dụng còi và quay đầu xe trong khu dân cư.,3,
18,"Hành vi đưa xe cơ giới, xe máy chuyên dùng không bảo đảm tiêu chuẩn an toàn kỹ thuật và bảo vệ môi trường vào tham gia giao thông đường bộ có bị nghiêm cấm hay không?",,KNQTGT,,,1,Không nghiêm cấm.,Bị nghiêm cấm.,Bị nghiêm cấm tùy theo các tuyến đường.,Bị nghiêm cấm tuỳ theo loại xe.,2,
19,Cuộc đua xe chỉ được thực hiện khi nào?,,KNQTGT,,,1,Diễn ra trên đường phố không có người qua lại.,Được người dân ủng hộ.,Được cơ quan có thẩm quyền cấp phép.,,3,
20,Người điều khiển phương tiện giao thông đường bộ mà trong cơ thể có chất ma túy có bị nghiêm cấm hay không?,,KNQTGT,,,1,Bị nghiêm cấm.,Không bị nghiêm cấm.,"Không bị nghiêm cấm, nếu có chất ma túy ở mức nhẹ, có thể điều khiển phương tiện tham gia giao thông.",,1,
21,"Việc lái xe mô tô, ô tô, máy kéo ngay sau khi uống rượu, bia có được phép hay không?",,KNQTGT,,,1,Không được phép.,Chỉ được lái ở tốc độ chậm và quãng đường ngắn.,Chỉ được lái nếu trong cơ thể có nồng độ cồn thấp.,,1,
22,"Người điều khiển xe ô tô, mô tô, máy kéo trên đường mà trong máu hoặc hơi thở có nồng độ cồn có bị nghiêm cấm không?",,KNQTGT,,,1,Bị nghiêm cấm.,Không bị nghiêm cấm.,"Không bị nghiêm cấm, nếu nồng độ cồn trong máu ở mức nhẹ, có thể điều khiển phương tiện tham gia giao thông.",,1,
23,"Sử dụng rượu, bia khi lái xe, nếu bị phát hiện thì bị xử lý như thế nào?",,KNQTGT,,,1,Chỉ bị nhắc nhở.,Bị xử phạt hành chính hoặc có thể bị xử lý hình sự tùy theo mức độ vi phạm.,Không bị xử lý hình sự.,,2,
24,"Theo Luật phòng chống tác hại của rượu, bia, đối tượng nào dưới đây bị cấm sử dụng rượu, bia khi tham gia giao thông?",,KNQTGT,,,1,"Người điều khiển: Xe ô tô, xe mô tô, xe đạp, xe gắn máy.",Người ngồi phía sau người điều khiển xe cơ giới.,Người đi bộ.,Cả ý 1 và ý 2.,1,
25,"Hành vi giao xe cơ giới, xe máy chuyên dùng cho người không đủ điều kiện để điều khiển xe tham gia giao thông có được phép hay không?",,KNQTGT,,,1,Chỉ được thực hiện nếu đã hướng dẫn đầy đủ.,Không được phép.,Được phép tùy từng trường hợp.,Chỉ được phép thực hiện với thành viên trong gia đình.,2,
26,"Hành vi điều khiển xe cơ giới chạy quá tốc độ quy định, giành đường, vượt ẩu có bị nghiêm cấm hay không?",,KNQTGT,,,1,Bị nghiêm cấm tùy từng trường hợp.,Không bị nghiêm cấm.,Bị nghiêm cấm.,,3,
27,"Khi lái xe trên đường, người lái xe cần quan sát và bảo đảm tốc độ phương tiện như thế nào?",,KNQTGT,,,1,Chỉ lớn hơn tốc độ tối đa cho phép khi đường vắng.,Chỉ lớn hơn tốc độ tối đa cho phép vào ban đêm.,Không vượt quá tốc độ cho phép.,,3,
28,Phương tiện giao thông đường bộ di chuyển với tốc độ thấp hơn phải đi như thế nào?,,KNQTGT,,,1,Đi về phía bên trái.,Đi về phía bên phải.,Đi ở giữa.,,2,
29,"Trên đường có nhiều làn đường, khi điều khiển phương tiện ở tốc độ chậm bạn phải đi ở làn đường nào?",,KNQTGT,,,1,Đi ở làn bên phải trong cùng.,Đi ở làn phía bên trái.,Đi ở làn giữa.,Đi ở bất cứ làn nào nhưng phải bấm đèn cảnh báo nguy hiểm để báo hiệu cho các phương tiện khác.,1,
30,"Hành vi vượt xe tại các vị trí có tầm nhìn hạn chế, đường vòng, đầu dốc có bị nghiêm cấm hay không?",,KNQTGT,,,1,Không bị nghiêm cấm.,Không bị nghiêm cấm khi rất vội.,Bị nghiêm cấm.,Không bị nghiêm cấm khi khẩn cấp.,3,
31,"Khi lái xe trong khu đô thị và đông dân cư trừ các khu vực có biển cấm sử dụng còi, người lái xe được sử dụng còi như thế nào trong các trường hợp dưới đây?",,KNQTGT,,,,Từ 22 giờ đêm đến 5 giờ sáng.,Từ 5 giờ sáng đến 22 giờ tối.,Từ 23 giờ đêm đến 5 giờ sáng hôm sau.,,2,
32,Người lái xe sử dụng đèn như thế nào khi lái xe trong khu đô thị và đông dân cư vào ban đêm?,,KNQTGT,,,,Bất cứ đèn nào miễn là mắt nhìn rõ phía trước.,Chỉ bật đèn chiếu xa (đèn pha) khi không nhìn rõ đường.,"Đèn chiếu xa (đèn pha) khi đường vắng, đèn pha chiếu gần (đèn cốt) khi có xe đi ngược chiều.",Đèn chiếu gần (đèn cốt).,2,
33,"Hành vi lắp đặt, sử dụng còi, đèn không đúng thiết kế của nhà sản xuất đối với từng loại xe cơ giới có được phép hay không?",,KNQTGT,,,1,Được phép.,Không được phép.,Được phép tùy từng trường hợp.,,,
34,"Trong trường hợp đặc biệt, để được lắp đặt, sử dụng còi, đèn khác thiết kế của nhà sản xuất đối với từng loại xe cơ giới bạn phải đảm bảo yêu cầu nào dưới đây?",,KNQTGT,,,,Phải đảm bảo phụ tùng do đúng nhà sản xuất đó cung cấp.,Phải được chấp thuận của cơ quan có thẩm quyền.,Phải là xe đăng ký và hoạt động tại các khu vực có địa hình phức tạp.,,2,
35,"Việc sản xuất, mua bán, sử dụng biển số xe cơ giới, xe máy chuyên dùng được quy định như thế nào trong Luật Giao thông đường bộ?",,KNQTGT,,,1,"Được phép sản xuất, sử dụng khi bị mất biển số.","Được phép mua bán, sử dụng khi bị mất biển số.","Nghiêm cấm sản xuất, mua bán, sử dụng trái phép.",,3,
36,Người lái xe không được vượt xe khác khi gặp trường hợp nào ghi ở dưới đây?,,KNQTGT,,,1,"Trên cầu hẹp có một làn xe. Nơi đường giao nhau, đường bộ giao nhau cùng mức với đường sắt; xe được quyền ưu tiên đang phát tín hiệu ưu tiên đi làm nhiệm vụ.",Trên cầu có từ 02 làn xe trở lên; nơi đường bộ giao nhau không cùng mức với đường sắt; xe được quyền ưu tiên đang đi phía trước nhưng không phát tín hiệu ưu tiên.,Trên đường có 2 làn đường được phân chia làn bằng vạch kẻ nét đứt.,,1,
37,"Ở phần đường dành cho người đi bộ qua đường, trên cầu, đầu cầu, đường cao tốc, đường hẹp, đường dốc, tại nơi đường bộ giao nhau cùng mức với đường sắt có được quay đầu xe hay không?",,KNQTGT,,,1,Được phép.,Không được phép.,Tùy từng trường hợp.,,2,
38,Bạn đang lái xe phía trước có một xe cảnh sát giao thông không phát tín hiệu ưu tiên bạn có được phép vượt hay không?,,KNQTGT,,,,Không được vượt.,Được vượt khi đang đi trên cầu.,Được phép vượt khi đi qua nơi giao nhau có ít phương tiện cùng tham gia giao thông.,Được vượt khi đảm bảo an toàn.,4,
39,Bạn đang lái xe phía trước có một xe cứu thương đang phát tín hiệu ưu tiên bạn có được phép vượt hay không?,,KNQTGT,,,,Không được vượt.,Được vượt khi đang đi trên cầu.,Được phép vượt khi đi qua nơi giao nhau có ít phương tiện cùng tham gia giao thông.,Được vượt khi đảm bảo an toàn.,1,
40,Người lái xe không được quay đầu xe trong các trường hợp nào dưới đây?,,KNQTGT,,,,"Ở phần đường dành cho người đi bộ qua đường, trên cầu, đầu cầu, đường cao tốc, đường hẹp, đường dốc, tại nơi đường bộ giao nhau cùng mức với đường sắt.","Ở phía trước hoặc phía sau của phần đường dành cho người đi bộ qua đường, trên đường quốc lộ, tại nơi đường bộ giao nhau không cùng mức với đường sắt.",Cả ý 1 và ý 2.,,1,
41,"Bạn đang lái xe trong khu dân cư, có đông xe qua lại, nếu muốn quay đầu xe bạn cần làm gì để tránh ùn tắc và đảm bảo an toàn giao thông?",,KNQTGT,,,,Đi tiếp đến điểm giao cắt gần nhất hoặc nơi có biển báo cho phép quay đầu xe.,Bấm đèn khẩn cấp và quay đầu xe từ từ bảo đảm an toàn.,Bấm còi liên tục khi quay đầu xe để cảnh báo các xe khác.,Nhờ một người ra hiệu giao thông trên đường chậm lại trước khi quay đầu.,1,
42,Người lái xe không được lùi xe ở những khu vực nào dưới đây?,,KNQTGT,,,,Ở khu vực cho phép đỗ xe.,Ở khu vực cấm dừng và trên phần đường dành cho người đi bộ qua đường.,"Nơi đường bộ giao nhau, đường bộ giao nhau cùng mức với đường sắt, nơi tầm nhìn bị che khuất, trong hầm đường bộ, đường cao tốc.",Cả ý 2 và ý 3.,4,
43,"Người điều khiển phương tiện giao thông trên đường phố có được dừng xe, đỗ xe trên miệng cống thoát nước, miệng hầm của đường điện thoại, điện cao thế, chỗ dành riêng cho xe chữa cháy lấy nước hay không?",,KNQTGT,,,1,"Được dừng xe, đỗ xe trong trường hợp cần thiết.","Không được dừng xe, đỗ xe.","Được dừng xe, không được đỗ xe.",,2,
44,"Khi xe đã kéo 1 xe hoặc xe đã kéo 1 rơ moóc, bạn có được phép kéo thêm xe (kể cả xe thô sơ) hoặc rơ moóc thứ hai hay không?",,KNQTGT,,,,Chỉ được thực hiện trên đường quốc lộ có hai làn xe một chiều.,Chỉ được thực hiện trên đường cao tốc.,Không được thực hiện vào ban ngày.,Không được phép.,4,
45,"Người điều khiển xe mô tô hai bánh, ba bánh, xe gắn máy có được phép sử dụng xe để kéo hoặc đẩy các phương tiện khác khi tham gia giao thông không?",,KNQTGT,,,1,Được phép.,"Nếu phương tiện được kéo, đẩy có khối lượng nhỏ hơn phương tiện của mình.",Tùy trường hợp.,Không được phép.,4,
46,"Khi điều khiển xe mô tô hai bánh, xe mô tô ba bánh, xe gắn máy, những hành vi buông cả hai tay; sử dụng xe để kéo, đẩy xe khác, vật khác; sử dụng chân chống của xe quệt xuống đường khi xe đang chạy có được phép hay không?",,KNQTGT,,,1,Được phép.,Tùy trường hợp.,Không được phép.,,3,
47,"Khi điều khiển xe mô tô hai bánh, xe mô tô ba bánh, xe gắn máy, những hành vi nào không được phép?",,KNQTGT,,,1,"Buông cả hai tay; sử dụng xe để kéo, đẩy xe khác, vật khác; sử dụng chân chống của xe quệt xuống đường khi xe đang chạy.",Buông một tay; sử dụng xe để chở người hoặc hàng hoá; để chân chạm xuống đất khi khởi hành.,Đội mũ bảo hiểm; chạy xe đúng tốc độ quy định và chấp hành đúng quy tắc giao thông đường bộ.,Chở người ngồi sau dưới 16 tuổi.,1,
48,"Người ngồi trên xe mô tô hai bánh, ba bánh, xe gắn máy khi tham gia giao thông có được mang, vác vật cồng kềnh hay không?",,KNQTGT,,,1,"Được mang, vác tùy trường hợp cụ thể.","Không được mang, vác.","Được mang, vác nhưng phải đảm bảo an toàn.",Được mang vác tùy theo sức khỏe của bản thân.,2,
49,"Người ngồi trên xe mô tô hai bánh, xe mô tô ba bánh, xe gắn máy khi tham gia giao thông có được bám, kéo hoặc đẩy các phương tiện khác không?",,KNQTGT,,,1,Được phép.,Được bám trong trường hợp phương tiện của mình bị hỏng.,"Được kéo, đẩy trong trường hợp phương tiện khác bị hỏng.",Không được phép.,4,
50,"Người ngồi trên xe mô tô hai bánh, xe mô tô ba bánh, xe gắn máy khi tham gia giao thông có được sử dụng ô khi trời mưa hay không?",,KNQTGT,,,1,Được sử dụng.,Chỉ người ngồi sau được sử dụng.,Không được sử dụng.,Được sử dụng nếu không có áo mưa.,3,
51,Khi đang lên dốc người ngồi trên xe mô tô có được phép kéo theo người đang điều khiển xe đạp hay không?,,KNQTGT,,,1,Chỉ được phép nếu cả hai đội mũ bảo hiểm.,Không được phép.,Chỉ được phép thực hiện trên đường thật vắng.,Chỉ được phép khi người đi xe đạp đã quá mệt.,2,
52,"Hành vi sử dụng xe mô tô để kéo, đẩy xe mô tô khác bị hết xăng đến trạm mua xăng có được phép hay không?",,KNQTGT,,,1,Chỉ được kéo nếu đã nhìn thấy trạm xăng.,Chỉ được thực hiện trên đường vắng phương tiện cùng tham gia giao thông.,Không được phép.,,3,
53,"Hành vi vận chuyển đồ vật cồng kềnh bằng xe mô tô, xe gắn máy khi tham gia giao thông có được phép hay không?",,KNQTGT,,,1,Không được vận chuyển.,Chỉ được vận chuyển khi đã chằng buộc cẩn thận.,Chỉ được vận chuyển vật cồng kềnh trên xe máy nếu khoảng cách về nhà ngắn hơn 2 km.,,1,
54,"Người đủ bao nhiêu tuổi trở lên thì được điều khiển xe ô tô tải, máy kéo có trọng tải từ 3.500 kg trở lên; xe hạng B2 kéo rơ moóc (FB2)?",,KNQTGT,,,,19 tuổi.,21 tuổi.,20 tuổi.,,2,
55,"Người đủ bao nhiêu tuổi trở lên thì được điều khiển xe mô tô hai bánh, xe mô tô ba bánh có dung tích xi lanh từ 50 cm3 trở lên và các loại xe có kết cấu tương tự; xe ô tô tải, máy kéo có trọng tải dưới 3.500 kg; xe ô tô chở người đến 9 chỗ ngồi?",,KNQTGT,,,,16 tuổi.,18 tuổi.,17 tuổi.,,2,
56,"Người lái xe ô tô chở người trên 30 chỗ ngồi (hạng E), lái xe hạng D kéo rơ moóc (FD) phải đủ bao nhiêu tuổi trở lên?",,KNQTGT,,,,23 tuổi.,24 tuổi.,27 tuổi.,30 tuổi.,3,
57,Tuổi tối đa của người lái xe ô tô chở người trên 30 chỗ ngồi (hạng E) là bao nhiêu tuổi?,,KNQTGT,,,,55 tuổi đối với nam và 50 tuổi đối với nữ.,55 tuổi đối với nam và nữ.,60 tuổi đối với nam và 55 tuổi đối với nữ.,45 tuổi đối với nam và 40 tuổi đối với nữ.,1,
58,"Người lái xe chở người từ 10 đến 30 chỗ ngồi (hạng D), lái xe hạng C kéo rơ moóc (FC) phải đủ bao nhiêu tuổi trở lên?",,KNQTGT,,,,23 tuổi.,24 tuổi.,22 tuổi.,18 tuổi.,2,
59,Người đủ 16 tuổi được điều khiển các loại xe nào dưới đây?,,KNQTGT,,,,Xe mô tô 2 bánh có dung tích xi-lanh từ 50 cm3 trở lên.,Xe gắn máy có dung tích xi-lanh dưới 50 cm3.,Xe ô tô tải dưới 3.500 kg; xe chở người đến 9 chỗ ngồi.,Tất cả các ý nêu trên.,2,
60,Người có giấy phép lái xe mô tô hạng A1 không được phép điều khiển loại xe nào dưới đây?,,KNQTGT,,,,Xe mô tô có dung tích xi-lanh 125 cm3.,Xe mô tô có dung tích xi-lanh từ 175 cm3 trở lên.,Xe mô tô có dung tích xi-lanh 100 cm3.,,2,
61,Người có giấy phép lái xe mô tô hạng A1 được phép điều khiển loại xe nào dưới đây?,,KNQTGT,,,,Xe mô tô có dung tích xi-lanh từ 50 cm3 đến dưới 175 cm3.,Xe mô tô ba bánh dành cho người khuyết tật.,Cả ý 1 và ý 2.,,3,
62,Người có giấy phép lái xe mô tô hạng A2 được phép điều khiển loại xe nào dưới đây?,,KNQTGT,,,,Xe mô tô ba bánh.,Xe mô tô hai bánh có dung tích xi lanh từ 175 cm3 trở lên và các loại xe quy định cho giấy phép lái xe hạng A1.,Các loại máy kéo nhỏ có trọng tải đến 1.000 kg.,,2,
63,Người có giấy phép lái xe mô tô hạng A3 được phép điều khiển loại xe nào dưới đây?,,KNQTGT,,,,Xe mô tô ba bánh.,Xe mô tô hai bánh có dung tích xi lanh từ 175 cm3 trở lên.,Các loại máy kéo nhỏ có trọng tải đến 1.000 kg.,,1,
64,Người có giấy phép lái xe hạng B1 số tự động được điều khiển loại xe nào?,,KNQTGT,,,,"Ô tô số tự động chở người đến 9 chỗ ngồi, kể cả chỗ ngồi cho người lái xe; ô tô tải, kể cả ô tô tải chuyên dùng số tự động có trọng tải thiết kế dưới 3.500 kg; ô tô dùng cho người khuyết tật. Không được hành nghề lái xe.","Ô tô số tự động chở người đến 9 chỗ ngồi, kể cả chỗ ngồi cho người lái xe; ô tô tải, kể cả ô tô tải chuyên dùng số tự động có trọng tải thiết kế dưới 3.500 kg; ô tô dùng cho người khuyết tật. Được hành nghề lái xe kinh doanh vận tải.","Ô tô chở người đến 9 chỗ ngồi, kể cả chỗ ngồi cho người lái xe; ô tô tải, kể cả ô tô tải chuyên dùng có trọng tải thiết kế dưới 3.500 kg; ô tô dùng cho người khuyết tật.",,1,
65,Người có giấy phép lái xe hạng B1 được điều khiển loại xe nào?,,KNQTGT,,,,"Ô tô chở người đến 9 chỗ ngồi, kể cả chỗ ngồi cho người lái xe; ô tô tải, kể cả ô tô tải chuyên dùng có trọng tải thiết kế dưới 3.500 kg; máy kéo kéo một rơ moóc có trọng tải thiết kế dưới 3.500 kg. Được hành nghề lái xe.","Ô tô chở người đến 9 chỗ ngồi, kể cả chỗ ngồi cho người lái xe; ô tô tải, kể cả ô tô tải chuyên dùng có trọng tải thiết kế dưới 3.500 kg; máy kéo kéo một rơ moóc có trọng tải thiết kế dưới 3.500 kg. Không hành nghề lái xe.","Ô tô số tự động chở người đến 9 chỗ ngồi, kể cả chỗ ngồi cho người lái xe; ô tô tải, kể cả ô tô tải chuyên dùng số tự động có trọng tải thiết kế trên 3.500 kg; ô tô dùng cho người khuyết tật.",,2,
66,Người có giấy phép lái xe hạng B2 được điều khiển loại xe nào?,,KNQTGT,,,,Xe ô tô chở người trên 9 chỗ ngồi; xe ô tô tải; máy kéo có trọng tải trên 3.500 kg.,Xe ô tô chở người đến 9 chỗ ngồi; xe ô tô tải; máy kéo có trọng tải dưới 3.500 kg.,Xe ô tô chở người từ 10 đến 30 chỗ ngồi; xe ô tô tải; máy kéo có trọng tải trên 3.500 kg.,,2,
67,Người có giấy phép lái xe hạng C được điều khiển loại xe nào?,,KNQTGT,,,,Xe ô tô chở người trên 9 chỗ ngồi; xe ô tô tải; máy kéo có trọng tải trên 3.500 kg.,Xe ô tô chở người từ 10 đến 30 chỗ ngồi; xe ô tô tải; máy kéo có trọng tải trên 3.500 kg.,Xe ô tô chở người đến 9 chỗ ngồi; xe ô tô tải; máy kéo có trọng tải trên 3.500 kg.,,3,
68,Người có giấy phép lái xe hạng D được điều khiển loại xe nào dưới đây?,,KNQTGT,,,,"Xe ô tô chở người đến 30 chỗ ngồi, kể cả chỗ ngồi cho người lái xe; xe ô tô tải, máy kéo có trọng tải trên 3.500 kg.","Xe ô tô chở người trên 30 chỗ ngồi; xe ô tô tải, máy kéo có trọng tải trên 3.500 kg.","Xe kéo rơ moóc, ô tô đầu kéo kéo sơ mi rơ moóc và được điều khiển các loại xe theo quy định cho giấy phép lái xe hạng B1, B2, C và FB2.",,1,
69,Người có giấy phép lái xe hạng E được điều khiển loại xe nào dưới đây?,,KNQTGT,,,,"Xe kéo rơ moóc, ô tô đầu kéo kéo sơ mi rơ moóc và được điều khiển các loại xe theo quy định cho giấy phép lái xe hạng B1, B2, C và FB2.","Xe ô tô chở người trên 30 chỗ ngồi; xe ô tô tải, máy kéo có trọng tải trên 3.500 kg.","Xe kéo rơ moóc và được điều khiển các loại xe; ô tô chở khách nối toa và các loại xe quy định cho giấy phép lái xe hạng B1, B2, C, D, FB2, FD.",,2,
70,Người có giấy phép lái xe hạng FC được điều khiển loại xe nào dưới đây?,,KNQTGT,,,,"Các loại xe được quy định tại giấy phép lái xe hạng C có kéo rơ moóc, ô tô đầu kéo kéo sơ mi rơ moóc, ô tô chở khách nối toa và được điều khiển các loại xe quy định cho giấy phép lái xe hạng B1, B2 và FB2.","Các loại xe được quy định tại giấy phép lái xe hạng C có kéo rơ moóc, ô tô đầu kéo kéo sơ mi rơ moóc và được điều khiển các loại xe quy định cho giấy phép lái xe hạng B1, B2 và FB2.","Mô tô hai bánh, các loại xe được quy định tại giấy phép lái xe hạng C có kéo rơ moóc, ô tô đầu kéo kéo sơ mi rơ moóc và được điều khiển các loại xe quy định cho giấy phép lái xe hạng B1, B2 và FB2.",Tất cả các loại xe nêu trên.,2,
71,Người có giấy phép lái xe hạng FE được điều khiển loại xe nào dưới đây?,,KNQTGT,,,,"Các loại xe được quy định tại giấy phép lái xe hạng E có kéo rơ moóc và được điều khiển các loại xe: ô tô chở khách nối toa và các loại xe quy định cho giấy phép lái xe hạng B1, B2, C, D, FB2, FD.","Các loại xe được quy định tại giấy phép lái xe hạng E có kéo rơ moóc, ô tô đầu kéo kéo sơ mi rơ moóc và được điều khiển các loại xe: ô tô chở khách nối toa và các loại xe quy định cho giấy phép lái xe hạng B1, B2, C, D, FB2, FD.",Tất cả các loại xe nêu trên.,,1,
72,"Biển báo hiệu có dạng hình tròn, viền đỏ, nền trắng, trên nền có hình vẽ hoặc chữ số, chữ viết màu đen là loại biển gì dưới đây?",qnthigplx_vn__q72.png,KNQTGT,,,,Biển báo nguy hiểm.,Biển báo cấm.,Biển báo hiệu lệnh.,Biển báo chỉ dẫn.,2,
73,"Biển báo hiệu có dạng tam giác đều, viền đỏ, nền màu vàng, trên có hình vẽ màu đen là loại biển gì dưới đây?",qnthigplx_vn__q73.png,KNQTGT,,,,Biển báo nguy hiểm.,Biển báo cấm.,Biển báo hiệu lệnh.,Biển báo chỉ dẫn.,1,
74,Biển báo hiệu hình tròn có nền xanh lam có hình vẽ màu trắng là loại biển gì dưới đây?,qnthigplx_vn__q74.png,KNQTGT,,,,Biển báo nguy hiểm.,Biển báo cấm.,Biển báo hiệu lệnh phải thi hành.,Biển báo chỉ dẫn.,3,
75,Biển báo hiệu hình chữ nhật hoặc hình vuông hoặc hình mũi tên nền xanh lam là loại biển gì dưới đây?,qnthigplx_vn__q75.png,KNQTGT,,,,Biển báo nguy hiểm.,Biển báo cấm.,Biển báo hiệu lệnh phải thi hành.,Biển báo chỉ dẫn.,4,
76,"Khi tập lái xe ô tô, người tập lái xe phải thực hiện các điều kiện gì dưới đây?",,KNQTGT,,,,Phải thực hành lái xe trên xe tập lái và có giáo viên bảo trợ tay lái.,Phải mang theo phù hiệu “học viên tập lái xe“.,"Phải mang theo giấy chứng nhận kiểm định an toàn kỹ thuật và bảo vệ môi trường còn hiệu lực, giấy phép vận chuyển (nếu các loại xe đó cần phải có).",Cả ý 1 và ý 2.,4,
77,"Khi dạy thực hành lái xe, giáo viên phải mang theo các loại giấy tờ gì dưới đây?",,KNQTGT,,,,"Phải mang theo phù hiệu “Giáo viên dạy lái xe“, giấy chứng nhận kiểm định an toàn kỹ thuật và bảo vệ môi trường còn hiệu lực, giấy phép xe tập lái do cơ quan có thẩm quyền cấp còn hiệu lực.",Phải mang theo phù hiệu “học viên tập lái xe” và kế hoạch học tập của khóa học.,"Phải mang theo giấy chứng nhận Giáo viên dạy thực hành lái xe, biên lai thu phí bảo trì đường bộ.",,1,
78,Xe ô tô tập lái phải đảm bảo các điều kiện gì dưới đây?,,KNQTGT,,,,"Gắn 02 biển “TẬP LÁI” trước và sau xe, có hệ thống phanh phụ được lắp đặt bảo đảm hiệu quả phanh, được bố trí bên ghế ngồi của giáo viên dạy thực hành lái xe.","Xe tập lái loại tải thùng có mui che mưa, che nắng, ghế ngồi cho học viên, có giấy chứng nhận kiểm định an toàn kỹ thuật và bảo vệ môi trường phương tiện giao thông cơ giới đường bộ còn hiệu lực.",Cả ý 1 và ý 2.,,3,
79,Việc sát hạch cấp giấy phép lái xe ô tô phải thực hiện ở đâu và như thế nào?,,KNQTGT,,,,"Tại các cơ sở đào tạo lái xe có đủ điều kiện và phải bảo đảm công khai, minh bạch.","Tại sân tập lái của cơ sở đào tạo lái xe và phải đảm bảo công khai, minh bạch.","Tại các trung tâm sát hạch lái xe có đủ điều kiện hoạt động và phải bảo đảm công khai, minh bạch.",,3,
80,"Khi điều khiển xe chạy trên đường, người lái xe phải mang theo các loại giấy tờ gì?",,KNQTGT,,,,"Giấy chứng nhận tốt nghiệp khóa đào tạo của hạng xe đang điều khiển, đăng ký xe, giấy phép lưu hành xe.","Giấy phép lái xe phù hợp với loại xe đó; lệnh vận chuyển, đăng ký xe, giấy chứng nhận kiểm tra chất lượng an toàn kỹ thuật và bảo vệ môi trường của xe cơ giới sau khi cải tạo; giấy phép vận chuyển (nếu loại xe đó cần phải có).","Giấy phép lái xe phù hợp với loại xe đó, đăng ký xe, giấy chứng nhận kiểm định kỹ thuật và bảo vệ môi trường, giấy chứng nhận bảo hiểm trách nhiệm dân sự của chủ xe cơ giới và giấy phép vận chuyển (nếu loại xe đó cần phải có), các giấy tờ phải còn giá trị sử dụng.",,3,
81,"Khi sử dụng giấy phép lái xe đã khai báo mất để điều khiển phương tiện cơ giới đường bộ, ngoài việc bị thu hồi giấy phép lái xe, chịu trách nhiệm trước pháp luật, người lái xe không được cấp giấy phép lái xe trong thời gian bao nhiêu năm?",,KNQTGT,,,,2 năm.,3 năm.,5 năm.,4 năm.,3,
82,Khi gặp hiệu lệnh như dưới đây của cảnh sát giao thông thì người tham gia giao thông phải đi như thế nào là đúng quy tắc giao thông?,qnthigplx_vn__q82.png,KNQTGT,,,,Người tham gia giao thông ở các hướng phải dừng lại.,Người tham gia giao thông ở các hướng được đi theo chiều gậy chỉ của cảnh sát giao thông.,Người tham gia giao thông ở phía trước và phía sau người điều khiển được đi tất cả các hướng; giao thông ở phía bên phải và phía bên trái người điều khiển phải dừng lại.,Người tham gia giao thông ở phía trước và phía sau người điều khiển phải dừng lại; giao thông ở phía bên phải và bên trái người điều khiển được đi tất cả các hướng.,4,
83,Khi gặp hiệu lệnh như dưới đây của cảnh sát giao thông thì người tham gia giao thông phải đi như thế nào là đúng quy tắc giao thông?,qnthigplx_vn__q83.png,KNQTGT,,,,"Người tham gia giao thông ở hướng đối diện cảnh sát giao thông được đi, các hướng khác cần phải dừng lại.",Người tham gia giao thông được rẽ phải theo chiều mũi tên màu xanh ở bục cảnh sát giao thông.,Người tham gia giao thông ở các hướng đều phải dừng lại trừ các xe đã ở trong khu vực giao nhau.,"Người ở hướng đối diện cảnh sát giao thông phải dừng lại, các hướng khác được đi trong đó có bạn.",3,
84,"Trên đường giao thông, khi hiệu lệnh của người điều khiển giao thông trái với hiệu lệnh của đèn hoặc biển báo hiệu thì người tham gia giao thông phải chấp hành theo hiệu lệnh nào?",,KNQTGT,,,1,Hiệu lệnh của người điều khiển giao thông.,Hiệu lệnh của đèn điều khiển giao thông.,Hiệu lệnh của biển báo hiệu đường bộ.,Theo quyết định của người tham gia giao thông nhưng phải bảo đảm an toàn.,1,
85,Tại nơi có biển báo hiệu cố định lại có báo hiệu tạm thời thì người tham gia giao thông phải chấp hành hiệu lệnh của báo hiệu nào?,,KNQTGT,,,,Biển báo hiệu cố định.,Báo hiệu tạm thời.,,,,
86,"Trên đường có nhiều làn đường cho xe đi cùng chiều được phân biệt bằng vạch kẻ phân làn đường, người điều khiển phương tiện phải cho xe đi như thế nào?",,KNQTGT,,,,"Cho xe đi trên bất kỳ làn đường nào hoặc giữa 02 làn đường nếu không có xe phía trước; khi cần thiết phải chuyển làn đường, người lái xe phải quan sát xe phía trước để bảo đảm an toàn.",Phải cho xe đi trong một làn đường và chỉ được chuyển làn đường ở những nơi cho phép; khi chuyển làn phải có tín hiệu báo trước và phải bảo đảm an toàn.,"Phải cho xe đi trong một làn đường, khi cần thiết phải chuyển làn đường, người lái xe phải quan sát xe phía trước để bảo đảm an toàn.",,2,
87,"Trên đường một chiều có vạch kẻ phân làn đường, xe thô sơ và xe cơ giới phải đi như thế nào là đúng quy tắc giao thông?",,KNQTGT,,,,"Xe thô sơ phải đi trên làn đường bên trái ngoài cùng, xe cơ giới, xe máy chuyên dùng đi trên làn đường bên phải.","Xe thô sơ phải đi trên làn đường bên phải trong cùng; xe cơ giới, xe máy chuyên dùng đi trên làn đường bên trái.","Xe thô sơ đi trên làn đường phù hợp không gây cản trở giao thông, xe cơ giới, xe máy chuyên dùng đi trên làn đường bên phải.",,2,
88,"Bạn đang lái xe trong khu vực đô thị từ 22 giờ đến 5 giờ sáng hôm sau và cần vượt một xe khác, bạn cần báo hiệu như thế nào để đảm bảo an toàn giao thông?",,KNQTGT,,,,Phải báo hiệu bằng đèn hoặc còi.,Chỉ được báo hiệu bằng còi.,Phải báo hiệu bằng cả còi và đèn.,Chỉ được báo hiệu bằng đèn.,4,
89,Khi điều khiển xe chạy trên đường biết có xe sau xin vượt nếu đủ điều kiện an toàn người lái xe phải làm gì?,,KNQTGT,,,,"Tăng tốc độ và ra hiệu cho xe sau vượt, không được gây trở ngại cho xe sau vượt.","Người điều khiển phương tiện phía trước phải giảm tốc độ, đi sát về bên phải của phần đường xe chạy cho đến khi xe sau đã vượt qua, không được gây trở ngại cho xe sau vượt.","Người điều khiển phương tiện phía trước phải giảm tốc độ, đi sát về bên phải của phần đường xe chạy cho đến khi xe sau đã vượt qua, không được gây trở ngại cho xe sau vượt.",,2,
90,"Trong khu dân cư, ở nơi nào cho phép người lái xe, người điều khiển xe máy chuyên dùng được quay đầu xe?",,KNQTGT,,,,Ở nơi đường giao nhau và nơi có biển báo cho phép quay đầu xe.,Ở nơi có đường rộng để cho các loại xe chạy một chiều.,Ở bất kỳ nơi nào.,,1,
91,"Người lái xe phải làm gì khi quay đầu xe trên cầu, đường ngầm hay khu vực đường bộ giao nhau cùng mức với đường sắt?",,KNQTGT,,,1,Không được quay đầu xe.,Lợi dụng chỗ rộng và phải có người làm tín hiệu sau xe để bảo đảm an toàn.,Lợi dụng chỗ rộng có thể quay đầu được để quay đầu xe cho an toàn.,,1,
92,,,KNQTGT,,,,,,,,,
93,,,KNQTGT,,,,,,,,,
94,,,KNQTGT,,,,,,,,,
95,,,KNQTGT,,,,,,,,,
96,,,KNQTGT,,,,,,,,,
97,,,KNQTGT,,,,,,,,,
98,,,KNQTGT,,,,,,,,,
99,"Trên đoạn đường bộ giao nhau cùng mức với đường sắt, cầu đường bộ đi chung với đường sắt thì loại phương tiện nào được quyền ưu tiên đi trước?",,KNQTGT,,,1,Phương tiện nào bên phải không vướng.,Phương tiện nào ra tín hiệu xin đường trước.,Phương tiện giao thông đường sắt.,,3,
100,Người lái xe phải làm gì khi điều khiển xe vào đường cao tốc?,,KNQTGT,,,1,Phải có tín hiệu xin vào và phải nhường đường cho xe đang chạy trên đường; khi thấy an toàn mới cho xe nhập vào dòng xe ở làn đường sát mép ngoài; nếu có làn đường tăng tốc thì phải cho xe chạy trên làn đường đó trước khi vào làn đường của đường cao tốc.,Phải có tín hiệu xin vào và phải nhanh chóng vượt xe đang chạy trên đường để nhập vào dòng xe ở làn đường sát mép ngoài; nếu có làn đường tăng tốc thì phải cho xe chạy qua làn đường đó để vào làn đường của đường cao tốc.,,,1,
101,,,,,,,,,,,,
102,,,,,,,,,,,,
103,,,,,,,,,,,,
104,,,,,,,,,,,,
105,,,,,,,,,,,,
106,,,,,,,,,,,,
107,,,,,,,,,,,,
108,,,,,,,,,,,,
109,,,,,,,,,,,,
110,,,,,,,,,,,,
111,,,,,,,,,,,,
112,,,,,,,,,,,,
113,,,,,,,,,,,,
114,,,,,,,,,,,,
115,,,,,,,,,,,,
116,,,,,,,,,,,,
117,,,,,,,,,,,,
118,,,,,,,,,,,,
119,,,,,,,,,,,,
120,,,,,,,,,,,,
121,,,,,,,,,,,,
122,,,,,,,,,,,,
123,,,,,,,,,,,,
124,,,,,,,,,,,,
125,,,,,,,,,,,,
126,,,,,,,,,,,,
127,,,,,,,,,,,,
128,,,,,,,,,,,,
129,,,,,,,,,,,,
130,,,,,,,,,,,,
131,,,,,,,,,,,,
